,Name,Power Pre-KVK,DKP Goal,Kills,,Kills During KVK,,Hall of Heroes,,Kills,,Deaths,,Honor DKP,"Total DKP  (Kills, Deaths, Honor)",DKP minus 20% of Base Power
1,Vitas,108086222,21617244,356608514,429709872,372742683,473515854,0,1403961,16134169,87611964,0,9827727,25387,113827730,92210486
2,TwinDraco,76470006,15294001,67684844,58487552,82276343,90837083,229571,756144,14591499,64699062,918284,5293008,26809,85769943,70475942
3,SIR BENNY,72309962,14461992,247188202,145670982,259444035,175836413,290305,639593,12255833,60330862,1161220,4477151,28432,78509386,64047394
4,Lion,70464944,14092989,38471074,35940335,49946738,62474898,41877,569045,11475664,53069126,167508,3983315,242478,68938091,54845102
5,XPhilippX,101297133,20259427,297354262,290160561,310220785,317557912,1496,437571,12866523,54794702,5984,3062997,136974,70867180,50607753
6,Ronin,94738817,18947763,41389549,52810100,48040765,73704844,0,1713485,6651216,41789488,0,11994395,293202,60728301,41780538
7,Venom,76497744,15299549,148589783,109062948,156415888,127696310,0,1289600,7826105,37266724,0,9027200,251154,54371183,39071634
8,Deeps,75749064,15149813,17301566,31355980,24466659,45885785,630265,327282,7165093,29059610,2521060,2290974,313552,41350289,26200476
9,EgyptGlory,85870394,17174079,59465463,55602145,63653217,68692778,73936,1628854,4187754,26181266,295744,11401978,63049,42697232,25523153
10,DeltaLambda,90226879,18045376,139129724,152503847,147336155,169074633,0,252344,8206431,33141572,0,1766408,24099,43355401,25310025
11,KinkedUP,81938451,16387690,185614876,92235047,190015698,104751837,118397,1445876,4400822,25033580,473588,10121132,34005,40369172,23981482
12, Tamina,66226895,13245379,39518984,28844632,44816877,40049703,410977,602013,5297893,22410142,1643908,4214091,283628,33849662,20604283
13,Red Haired,89438151,17887630,126631188,76802413,132132931,87121699,21805,1527354,5501743,20638572,8722,10691478,238288,37942281,20054651
14, Oysang,91171581,18234316,55619259,60669241,59650159,71709768,207144,1515894,4030900,22081054,828576,10611258,318528,37870316,19636000
15, Chi Nin,71141614,14228323,34170840,35282823,38223075,45361776,195685,891651,4052235,20157906,78274,6241557,30238,31536818,17308495
16,SPOOKY ,72829552,14565910,25869022,26603867,30770837,37168965,0,734213,4901815,21130196,0,5139491,500258,31671760,17105850
17, Esp7,90428873,18085775,69705613,77998690,74431657,91767655,0,348985,4726044,27537930,0,2442895,374144,35081013,16995238
18,AMJD BOT,91044550,18208910,90198010,83177255,95484336,97864352,0,0,5286326,29374194,0,0,283352,34943872,16734962
19,furious kittens,78269755,15653951,59214448,38966297,63210695,49116441,1191,919584,3996247,20300288,4764,6437088,295756,31077019,15423068
20,KaCcA,81321745,16264349,91590477,95595257,95227730,105777672,5418,1025321,3637253,20364830,21672,7177247,339774,31540776,15276427
21, Harley,79652500,15930500,47037374,36161434,52061256,46275756,7196,71599,5023882,20228644,28784,5011930,514082,30807322,14876822
22, Loki,80799293,16159859,98100901,64170830,102054424,74507283,319239,63557,3953523,20672906,1276956,4448990,213448,30565823,14405964
23,Endi DJ,90135104,18027021,105450856,98403823,109266210,108606602,100856,980942,3815354,20405558,403424,6866594,391802,31882732,13855711
24, MinjuFrog,84902700,16980540,80319620,68995273,84741848,79679877,0,561617,4422228,21369208,0,3931319,333066,30055821,13075281
25,Mallakastriot,75894133,15178827,115350197,100176864,119580510,109118836,195397,464417,4230313,17883944,781588,3250919,255542,26402306,11223479
26,MightyRere,70634004,14126801,48815419,35488334,51350006,43318327,52894,896693,2534587,15659986,211576,6276851,322098,25005098,10878297
27, Cub Cub,90748519,18149704,89085249,68103088,91807595,77619087,952,957699,2722346,19031998,3808,6703893,257876,28719921,10570217
28, Gh0sT,65979429,13195886,10953214,3699920,14079466,11822277,229238,311623,3126252,16244714,916952,2181361,351688,22820967,9625081
29,Big KingC,70035040,14007008,59658078,56403103,62369485,65165689,95904,386782,2711407,17525172,383616,2707474,28479,23612459,9605451
30, H4RDSTYL3,62755647,12551129,8689765,7904677,11003323,14304072,14965,927403,2313558,12798790,5986,6491821,210712,21874741,9323612
31,BigNub,73840050,14768010,40654279,42795075,43779562,49904288,499795,622184,3125283,14218426,1999180,4355288,281756,23979933,9211923
32,BladeofMiquella,75058160,15011632,44777644,31695326,48255207,39450027,46748,667352,3477563,15509402,186992,4671464,254574,24099995,9088363
33, Trind,85907162,17181432,38891239,38032900,42430608,47105441,0,596569,3539369,18145082,0,4175983,370004,26230438,9049006
34, Panda,67452156,13490431,10082235,12696149,13102470,20108322,156753,523219,3020235,14824346,627012,3662533,39274,22526866,9036435
35,Shiva,120337700,24067540,139962654,107544876,144198815,117482517,15832,1083529,4236161,19875282,63328,7584703,360034,32119508,8051968
36, RistC,64785066,12957013,32876773,27368291,36144032,35377612,188766,90696,3267259,16018642,755064,634872,253702,20929539,7972526
37, Tomm,87804798,17560960,71372865,63896133,75111463,72207218,1255,643293,3738598,16622170,502,4503051,337886,25251905,7690945
38,Tuvzy,66597290,13319458,56976010,71083834,60162890,79649846,0,0,3186880,17132024,0,0,265802,20584706,7265248
39,CinnaMon,61862667,12372533,29499186,17489024,31793898,23579413,168205,496697,2294712,12180778,67282,3476879,665826,19291015,6918482
40,SoHappy,74664296,14932859,49365880,60279388,52704486,68599218,43026,179026,3338606,16639660,172104,1253182,289412,21692964,6760105
41, Ezeden,81284429,16256886,117979982,42432188,120494149,48584694,116117,1008240,2514167,12305012,464468,7057680,6247,22966027,6709141
42, NoBiTa,71212229,14242446,25309102,20046445,28433990,28768958,0,0,3124888,17445026,0,0,248758,20818672,6576226
43,Growith Holy,90906796,18181359,80907030,37175185,83254743,43100966,92634,1411185,2347713,11851562,370536,9878295,268896,24717002,6535643
44, Tequila,71616831,14323366,45505668,36473899,47748678,43489089,8051,566819,2243010,14030380,32204,3967733,250936,20524263,6200897
45,Gness,73631879,14726376,69790079,59134941,72418541,65846682,5176,627835,2628462,13423482,20704,4394845,264188,20731681,6005305
46, Mando,82547671,16509534,48127460,36801723,49778356,42232461,6375,1173021,1650896,10861476,255,8211147,24295,20991969,4482435
47, ZeroMight,77091996,15418399,60787776,34677411,63921073,39645716,413983,673322,3133297,9936610,1655932,4713254,249936,19689029,4270630
48,  znoY,71263561,14252712,55746065,58646560,57835504,64881880,461195,259207,2089439,12470640,1844780,1814449,27055,18489858,4237146
49,COACH,42560460,8512092,19021395,7304925,21593218,11453568,319832,0,2571823,8297286,1279328,0,300514,12448951,3936859
50,GenXXX,105249325,21049865,74428489,50845014,77251549,57392538,0,1128736,2823060,13095048,0,7901152,243582,24062842,3012977
51,Growith ƒêimas,64128940,12825788,49075581,24485567,53101440,30199705,0,0,4025859,11428276,0,0,255694,15709829,2884041
52, B3aR JK,84836924,16967385,73492937,58101919,76800620,64262027,0,522998,3307683,12320216,0,3660986,414144,19703029,2735644
53,Andrew7k,79591038,15918208,37592298,31520541,39554190,35641308,129,1167092,1961892,8241534,516,8169644,279616,18653202,2734994
54,evilSamman,50997814,10199563,7520969,13081806,8921573,17575601,557051,0,1400604,8987590,2228204,0,277902,12894300,2694737
55, Dark,52866908,10573382,6454739,7029838,8611289,10756064,828136,0,2156550,7452452,3312544,0,345016,13266562,2693180
56,Whisky,73304340,14660868,12163568,19485311,14377735,25604186,107689,315877,2214167,12237750,430756,2211139,248336,17342148,2681280
57, Ray tR,75245400,15049080,40593104,40767684,42792229,46573760,0,451078,2199125,11612152,0,3157546,248474,17217297,2168217
58, Buszido,53234119,10646824,5401577,3468841,7386412,7325697,49665,33278,1984835,7713712,19866,2329460,326202,12552869,1906045
59, KaSkaD,68706209,13741242,17143022,27890438,19830930,33721416,61848,84827,2687908,11661956,247392,593789,213674,15404719,1663477
60,Lord,68099932,13619986,38997871,44780370,41070966,49041362,0,622618,2073095,8521984,0,4358326,240056,15193461,1573475
61, HUNTER,59519689,11903938,5541841,4807354,6599832,6728798,1207225,490811,1057991,3842888,4828900,3435677,285064,13450520,1546582
62, Spitfire,70622704,14124541,11896642,9525632,13575547,14033681,233878,517371,1678905,9016098,935512,3621597,336368,15588480,1463939
63, ALiCE,55398361,11079672,7956467,9400669,9327943,13072797,827299,0,1371476,7344256,3309196,0,333882,12358810,1279138
64,ROMAN ua,72785533,14557107,87155846,68762339,90907109,74741546,0,0,3751263,11958414,0,0,0,15709677,1152570
65, Moromet,56415101,11283020,9262134,8905562,10561146,12265874,887125,70828,1299012,6720624,3548500,495796,323056,12386988,1103968
66, Maxxx233,70378809,14075762,15994899,18028184,18076026,22841104,604585,10041,2081127,9625840,2418340,70287,282636,15110813,1035051
67,???,51616745,10323349,6087336,4427367,6534223,6476740,744533,513983,446887,4098746,2978132,3597881,5127,11172916,849567
68, Sir Bart,57872789,11574558,4654803,5094520,5733549,7999010,18184,613321,1078746,5808980,72736,4293247,276304,12184637,610079
69, Miracle,72940555,14588111,44898154,26000018,46997925,30999651,39283,281226,2099771,9999266,157132,1968582,902452,15127203,539092
70,YURiNAToR,72842690,14568538,37574027,25077771,39398278,29707562,0,464477,1824251,9259582,0,3251339,713876,15049048,48051
71,Silence,78351049,15670210,37222705,27247821,39312291,31777732,13725,597582,2089586,9059822,549,4183074,324226,15711608,41398
72, Reem,48332428,9666486,5901257,3156882,7181651,5925714,598671,0,1280394,5537664,2394684,0,294702,9507444,-159042
73,fM Avatar96,56006347,11201269,3991094,2899889,4508992,4820564,1471692,71102,517898,3841350,5886768,497714,123022,10866752,-334517
74, Adel,80868157,16173631,32953176,33401500,34261517,36863131,1344,1030472,1308341,6923262,5376,7213304,31721,15815877,-357754
75, SYNDROME,80543485,16108697,95947586,43118208,97905348,46410776,188657,878853,1957762,6585136,754628,6151971,248834,15698331,-410366
76, Ano,66931698,13386340,4864586,7469580,6173389,10980274,14983,460976,1308803,7021388,59932,3226832,50211,12658453,-727887
77, Dark T,51467441,10293488,9375024,4225165,10115387,6568002,940728,0,740363,4685674,3762912,0,247026,9435975,-857513
78,Crain,76238158,15247632,89230726,30678683,90949712,35217883,0,46547,1718986,9078400,0,3258290,322648,14378324,-869308
79,KING SULTAN,53084093,10616819,7388536,4021737,9067134,7866324,0,0,1678598,7689174,0,0,344882,9712654,-904165
80,Infinity Star,86688505,17337701,35491772,35279754,37837619,41270287,473,241306,2345847,11981066,1892,1689142,269488,16287435,-1050266
81,LunaYue,68204866,13640973,22108161,13313871,23161664,17659955,39146,274171,1053503,8692168,156584,1919197,56314,12384592,-1256381
82, Legz4Days,85808759,17161752,58673280,22663846,60101917,25505307,42979,1177773,1428637,5682922,171916,8244411,35597,15883856,-1277896
83, Hulk,55669005,11133801,5547785,1822957,5759009,3358891,1202611,189908,211224,3071868,4810444,1329356,33873,9761622,-1372179
84,PHAGE,48487731,9697546,10362510,10216289,12115357,13391035,0,0,1752847,6349492,0,0,208556,8310895,-1386651
85, Svenniis,63102088,12620418,14161189,16045570,15569612,20087491,273495,45786,1408423,8083842,1093980,320502,175724,11082471,-1537947
86, SCORPION,50755811,10151162,13211201,8201096,14558281,11060555,294207,0,1347080,5718918,1176828,0,285896,8528722,-1622440
87,SuttanBay,47537862,9507572,4591578,2954399,4898577,3979166,1375008,0,306999,2049534,5500032,0,0,7856565,-1651007
88, Luffy GO,30787839,6157568,4171574,1086104,4586296,2030340,489406,0,414722,1888472,1957624,0,240124,4500942,-1656626
89, Mac Daez,53306392,10661278,7990547,7735006,8758790,10316244,5248,8879,768243,5162476,2099200,62153,243666,8895115,-1766163
90,Morrigan,71406131,14281226,32291299,29652408,33777046,33143449,255,518532,1485747,6982082,102,3629724,259714,12358287,-1922939
91,Title,57474276,11494855,32213266,20770574,33173507,23839570,0,248356,960241,6137992,0,1738492,547024,9383749,-2111106
92, GOLDBERG,85611801,17122360,125374283,57217995,126446788,60565148,137,981664,1072505,6694306,548,6871648,368334,15007341,-2115019
93,DESO,64714091,12942818,7894696,5301753,9097587,8325707,152801,41471,1202891,6047908,,2902970,560036,10713805,-2229013
94,Gezonn  ,70374432,14074886,36761036,16961739,37991817,20363807,0,456007,1230781,6804136,0,3192049,275664,11502630,-2572256
95,Ussama,39842738,7968548,8479753,2800819,10787003,3386163,433785,0,2307250,1170688,1735140,0,14028,5353358,-2615190
96,fM FiliaDiaboli,40149660,8029932,2926288,3081114,3162536,4024946,759763,0,236248,1887664,3039052,0,243954,5406918,-2623014
97, BAN,78156844,15631369,40029873,33853773,41864179,37294158,179839,443117,1834306,6880770,719356,3101819,376968,12913219,-2718150
98, Anonymous,78280381,15656076,44932608,20817674,46840763,25513399,0,0,1908155,9391450,0,0,1584490,12884095,-2771981
99,Anubis,73482380,14696476,47546469,42212890,48942273,44869928,128789,626295,1395804,5314076,515156,4384065,242692,11851793,-2844683
100, Mysterion,72353166,14470633,15383489,14409333,16712244,18347064,169175,190192,1328755,7875462,6767,1331344,296136,11508397,-2962236
101, XMAN,76410082,15282016,28439829,18573121,30419251,22204277,0,375767,1979422,7262312,0,2630369,3261,12198203,-3083813
102, Blue Sky,59275525,11855105,6880424,3192268,7562256,5749946,424008,123311,681832,5115356,1696032,863177,189128,8545525,-3309580
103, Manak,64551760,12910352,7631098,9498074,8633677,12167320,24906,387582,1002579,5338492,99624,2713074,325658,9479427,-3430925
104, Atenea,66753200,13350640,11392041,10587216,11899534,12730344,1264,698322,507493,4286256,5056,4888254,208202,9895261,-3455379
105,Admin,72174392,14434878,29620706,14238675,30449334,17022564,0,614472,828628,5567778,0,4301304,21858,10916290,-3518588
106,Ag infiniti,35559184,7111837,532438,386353,736285,1110425,41322,0,203847,1448144,1652880,0,130356,3435227,-3676610
107, Oasis18,77910501,15582100,70907607,60830299,72461034,64514646,368222,160759,1553427,7368694,1472888,1125313,278336,11798658,-3783442
108, Aleeps,88581820,17716364,66778072,37687932,69202862,43342517,0,0,2424790,11309170,0,0,198268,13932228,-3784136
109,HisChubbyAngel,77210331,15442066,31299815,22020660,32987077,24839069,0,56847,1687262,5636818,0,3979290,288444,11591814,-3850252
110,RunRun,61086461,12217292,90127537,52482074,91161416,55796550,0,19238,1033879,6628952,0,134666,546502,8343999,-3873293
111, Amlak,88410198,17682040,110502635,92454707,112463363,98213932,0,0,1960728,11518450,0,0,266246,13745424,-3936616
112, ABUUD,80478279,16095656,42865857,29635306,44232747,34147017,16632,174389,1366890,9023422,66528,1220723,295334,11972897,-4122759
113,puedma,69232770,13846554,48725573,31154751,50182559,34037854,602,308898,1456986,5766206,2408,2162286,278672,9688230,-4158324
114, Prodigy,54320791,10864158,6199217,4790209,7279648,6858075,326925,0,1080431,4135732,1307700,0,132078,6655941,-4208217
115, Askle,88075251,17615050,43573359,23328179,45479277,26965651,18989,458953,1905918,7274944,75956,3212671,87083,13340319,-4274731
116,kostya rus,67380538,13476108,43122281,22177056,44432854,24851079,158292,227684,1310573,5348046,633168,1593788,25585,9141425,-4334683
117, Kuneko,51252305,10250461,13225514,6083291,13940108,8038486,245281,0,714594,3910390,981124,0,29752,5903628,-4346833
118, NICE ONE,84630078,16926016,46804707,23687083,47879354,26751409,0,721063,1074647,6128652,0,5047441,275156,12525896,-4400120
119,Anyu,61714972,12342994,61400283,40155262,62490940,43082995,635,74776,1090657,5855466,254,523432,358638,7830733,-4512261
120,PB blaze,67979386,13595877,33489032,32354015,34429538,36313679,0,0,940506,7919328,0,0,168012,9027846,-4568031
121, Cracko,66916162,13383232,16485584,14711557,17055320,16010946,0,779731,569736,2598778,0,5458117,152914,8779545,-4603687
122, KiLLua x,70873469,14174694,94640260,27784230,95285586,29727378,0,674785,645326,3886296,0,4723495,215462,9470579,-4704115
123,PervertedPuppet,43503505,8700701,8761010,3404826,9114155,4386670,38181,0,353145,1963688,1527240,0,86606,3930679,-4770022
124, BABAYAGA,76577456,15315491,75547815,22414342,77697773,24217621,18759,637055,2149958,3606558,75036,4459385,180222,10471159,-4844332
125,NotYohan09,43455493,8691099,9689881,6090961,9920622,6822486,510471,0,230741,1463050,2041884,0,82768,3818443,-4872656
126, HaRu,44818839,8963768,3067996,2386997,3356632,3300870,425092,0,288636,1827746,1700368,0,251602,4068352,-4895416
127, Mady,50026727,10005345,13444281,11832694,13863012,12939088,525238,0,418731,2212788,2100952,0,305978,5038449,-4966896
128,DIDI XXII,45233817,9046763,12787526,1727997,12831760,1969345,680156,9801,44234,482696,2720624,68607,109536,4043160,-5003603
129,IMMORTAL SOUL,53692511,10738502,11948353,6689340,12743839,8970580,0,0,795486,4562480,0,0,259888,5617854,-5120648
130,IvaaanST,40927554,8185511,13231140,5079927,13511947,6053533,149824,0,280807,1947212,599296,0,18323,3010545,-5174966
131,Rockers,64378401,12875680,20256823,18193500,20760295,20110874,0,441523,503472,3834748,0,3090661,241188,7670069,-5205611
132,Varya,63101326,12620265,24134794,11883976,25226208,13638089,55357,327695,1091414,3508226,221428,2293865,213282,7328215,-5292050
133,Jesus,47663774,9532755,13361162,6694660,14078893,8295211,0,0,717731,3201102,0,0,21363,4132463,-5400292
134, Zenkkii,63955588,12791118,16114911,13604600,16789636,15325979,4153,422787,674725,3442758,16612,2959509,24202,7335624,-5455494
135, BLOODbrn,56319256,11263851,4433734,4895945,5076319,6249527,528874,0,642585,2707164,2115496,0,320294,5785539,-5478312
136, Dark,34177180,6835436,5830689,2482239,5921095,2861214,97411,0,90406,75795,389644,0,0,1238000,-5597436
137, Pyro,50935701,10187140,2609852,2123442,3016820,3151224,446786,0,406968,2055564,1787144,0,300642,4550318,-5636822
138,Atenea tf,51806567,10361313,1995853,1788396,2364056,2930760,433598,0,368203,2284728,1734392,0,299792,4687115,-5674198
139, Fox,58761745,11752349,7070562,2666479,7582433,4456411,185161,11891,511871,3579864,740644,83237,374476,6039225,-5713124
140,Dear,29434607,5886921,2976707,4661,2988940,481451,0,0,12233,30702,0,0,107268,150203,-5736718
141, Mango,45010829,9002166,4680378,4623151,5266315,5851722,0,0,585937,2457142,0,0,21721,3260289,-5741877
142,sxy Royal,42815746,8563149,6018215,2699566,6234469,3314837,289388,0,216254,1230542,1157552,0,170088,2774436,-5788713
143,Lilmufff,31967833,6393567,33821,93,161582,229448,0,0,127761,440296,0,0,0,568057,-5825510
144, Ytsh,65552344,13110469,40376255,28125573,41273845,30738864,150128,56718,89759,5226582,600512,397026,16281,7284520,-5825949
145, MAD GIRL,80433772,16086754,95129166,54410163,96547425,58012787,0,200065,1418259,7205248,0,1400455,195100,10219062,-5867692
146, Chaotic,66838502,13367700,11796499,7160203,12944904,9960494,0,96472,1148405,5600582,0,675304,0,7424291,-5943409
147,???,44697366,8939473,24062262,3199873,24535869,4275866,0,0,473607,2151986,0,0,162410,2788003,-6151470
148,K Burberry,74907889,14981578,58960555,26511112,60929804,29770467,0,0,1969249,6518710,0,0,266790,8754749,-6226829
149, chiarobi,31809447,6361889,1441838,690097,1472619,725335,0,0,30781,70476,0,0,15002,116259,-6245630
150, REX,67923678,13584736,17227728,11054165,17937918,12588286,16023,164589,71019,3068242,64092,1152123,2178882,7173529,-6411207
151,slayers80,77344273,15468855,35493381,25536230,36764341,29259428,0,0,1270960,7446396,0,0,324276,9041632,-6427223
152, Eddyoktay,53107337,10621467,19549366,8263159,20063084,9619097,17363,0,513718,2711876,69452,0,269520,4189634,-6431833
153, Shemmy,89483349,17896670,52093954,47503123,54129919,52065533,0,0,2035965,9124820,0,0,295082,11455867,-6440803
154, Neo,50493428,10098686,5301682,1128942,5496339,1816436,217344,171955,194657,1374988,869376,1203685,0,3642706,-6455980
155,LiSa,79692030,15938406,25500457,23090316,26527070,26821821,0,71415,1026613,7463010,0,499905,26702,9256548,-6681858
156, Mok85,51079451,10215890,4800947,2827818,5136470,3782864,244567,0,335523,1910092,978268,0,300832,3524715,-6691175
157, Kakarot,33798537,6759707,1606017,1350601,1610745,1363511,0,0,4728,2582,0,0,27486,58034,-6701673
158, Cass,36689893,7337979,1600758,1316102,1670403,1492828,0,0,69645,353452,0,0,189454,612551,-6725428
159,Felix Musashi,40113625,8022725,104652,62051,24096,34524,91809,0,136308,566378,367236,0,83146,1153068,-6869657
160,EeS0to,38314899,7662980,3248572,1865779,3362804,2113704,0,0,114232,49585,0,0,180564,790646,-6872334
161,Marilag,45512219,9102444,5621605,3863069,5777694,4591893,9786,0,156089,1457648,39144,0,7227,2077447,-7024997
162,Growith Bee,52498151,10499630,7320619,4744152,7586355,5762744,255041,0,265736,2037184,1020164,0,120952,3444036,-7055594
163,THOK,45087229,9017446,13375478,2152022,13585721,2859340,0,0,210243,1414636,0,0,144548,1769427,-7248019
164,Akcakocaa,39307532,7861506,2165030,1685901,2231669,1956883,0,0,66639,541964,0,0,0,608603,-7252903
165,1892,40364754,8072951,241601,126256,322663,470951,0,0,81062,68939,0,0,106848,770559,-7302392
166,Growith Everyn,70826900,14165380,28902924,19314334,29674592,21205995,6592,281849,771668,3783322,26368,1972943,237368,6791669,-7373711
167, Zocker,49830802,9966160,3907661,2361532,4249766,3353378,0,0,342105,1983692,0,0,266056,2591853,-7374307
168,???,76100100,15220020,52272212,15338649,53005825,17898819,0,269809,733613,5120340,0,1888663,98188,7840804,-7379216
169,Gonoreya,73364308,14672862,52354516,48659398,53538074,51583040,0,0,1183558,5847284,0,0,240256,7271098,-7401764
170, Fatih1453,86171249,17234250,100335263,58577938,101972610,62058013,121964,34045,1637347,6960150,487856,238315,313974,9637642,-7596608
171,Clowns Bands,76022220,15204444,72360351,21451870,73823339,23384222,12332,271468,1462988,3864704,49328,1900276,329662,7606958,-7597486
172,SmexyPonka,67405748,13481150,16636595,10273116,18055801,11641422,17505,187051,1419206,2736612,7002,1309357,310188,5845383,-7635767
173,Upa lala,86235046,17247009,30116816,23116451,31146238,25554728,2275,470159,1029422,4876554,91,3291113,342286,9548475,-7698534
174,Uchiha Madara,40342572,8068514,1582164,521673,1622979,638188,0,0,40815,23303,0,0,9279,366635,-7701879
175,Greatpasta,48157885,9631577,10908695,9269630,11086223,10022908,0,0,177528,1506556,0,0,81874,1765958,-7865619
176,Moonlight id,56606665,11321333,8654029,10902507,9027860,12278195,0,0,373831,2751376,0,0,306634,3431841,-7889492
177, Sharpei,58876812,11775362,7268365,7223880,7604574,8441898,104627,23276,336209,2436036,418508,162932,45319,3806875,-7968487
178,Tata Star,73602037,14720407,29981927,22346743,30809544,25001193,0,42212,827617,5308900,0,295484,26988,6701881,-8018526
179, Mizzy,42810395,8562079,264306,185282,321622,413501,0,0,57316,456438,0,0,0,513754,-8048325
180,Goblin,42056640,8411328,28940485,8980747,28968723,9131834,0,0,28238,302174,0,0,2781,358222,-8053106
181,yumizaki,46377896,9275579,6415400,2014001,6525931,2398787,0,0,110531,769572,0,0,117066,997169,-8278410
182,CrazyBoy,42773780,8554756,1468273,1045436,1468321,1045436,0,0,48,0,0,0,269602,26965,-8285106
183,Jarmy,46830522,9366104,878254,829378,997534,1169790,0,0,11928,680824,0,0,269992,1070096,-8296008
184, Fusion,56065520,11213104,722173,849458,826109,1240772,265889,135418,103936,782628,1063556,947926,0,2898046,-8315058
185, x18x,59272486,11854497,8127612,6102751,8548401,7014764,91818,110077,420789,1824026,367272,770539,156338,3538964,-8315533
186,Ka Rem,42357053,8471411,526029,425188,533949,466407,0,0,792,82438,0,0,55706,146064,-8325347
187, Lynx,50745813,10149163,4820820,2402128,4910397,2684557,251303,0,89577,564858,1005212,0,160254,1819901,-8329262
188,Dec941,53457718,10691544,3503333,1976157,3683520,2590284,152498,24435,180187,1228254,609992,171045,0,2189478,-8502066
189, SELVR,58642876,11728575,2893188,2758103,3354978,3817431,112942,27389,46179,2118656,451768,191723,0,3223937,-8504638
190,Jall3n,81369227,16273845,27335518,21640772,28342036,23601223,917,381103,1006518,3920902,3668,2667721,157784,7756593,-8517252
191,5878,43393068,8678614,3936849,2341809,3961473,2407589,0,0,24624,13156,0,0,0,156184,-8522430
192,Stacky44,42821871,8564374,692924,236289,692924,253093,0,0,0,33608,0,0,0,33608,-8530766
193,MeLi,44172230,8834446,3137348,1870671,3159579,1976596,0,0,22231,21185,0,0,60524,294605,-8539841
194, Raichu,65160260,13032052,92896494,39806197,93398049,41593944,19065,31977,501555,3575494,7626,223839,0,4377148,-8654904
195,Muath  1,43953933,8790787,1987952,429138,1993318,435641,0,0,5366,13006,0,0,0,18372,-8772415
196,NATALY,50877707,10175541,13192637,4525145,13307022,4982806,404,0,114385,915322,1616,0,187814,1379121,-8796420
197,PiRi REIS,45228854,9045771,2165931,987029,2172514,1030871,0,0,6583,87684,0,0,19206,113473,-8932298
198,Buzz,67390621,13478124,3489609,4545369,4111672,5852574,0,141949,622063,2614410,0,993643,253568,4483684,-8994440
199, Phine,54561447,10912289,3336956,2309724,3482811,3010865,62956,0,145855,1402282,251824,0,0,1799961,-9112328
200, Stimzy,75616178,15123236,16779941,16411160,17539025,19015328,0,0,759084,5208336,0,0,0,5967420,-9155816
201, Doza,66964423,13392885,13121874,19251107,13523741,21108606,0,0,401867,3714998,0,0,106316,4223181,-9169704
202,Meeeooow,47896899,9579380,2688026,924785,2708537,1021213,0,0,20511,192856,0,0,171612,384979,-9194401
203, Insight,64926794,12985359,13174663,7359001,13676280,8936676,0,0,501617,3155350,0,0,133158,3790125,-9195234
204,CloudlessMoon58,46035662,9207132,1877657,1893837,1877681,1894512,0,0,24,135,0,0,0,1374,-9205758
205, SJMM,50509973,10101995,375995,209636,48753,569402,0,0,111535,719532,0,0,0,831067,-9270928
206, Gregor,58206918,11641384,1870511,2264847,2174058,2928805,52314,29441,303547,1327916,209256,206087,319234,2366040,-9275344
207,Lomatyson89,47166271,9433254,1940847,514683,1943423,517907,0,0,2576,6448,0,0,0,9024,-9424230
208,Jim INK,76617772,15323554,47729525,43086034,48386536,44776066,19,233224,657011,3380064,76,1632568,224402,5894121,-9429433
209, Gon,65455103,13091021,32248333,12403121,32608137,13451374,0,158363,359804,2096506,0,1108541,0,3564851,-9526170
210, Morgado,48066079,9613216,4564187,1662606,4565426,1688517,0,0,1239,51822,0,0,0,53061,-9560155
211,Hlachi,48287576,9657515,859489,2070777,863263,2100268,0,0,3774,58982,0,0,0,62756,-9594759
212, SmexyYard,48693007,9738601,36970103,10664770,36970103,10664770,0,0,0,0,0,0,7702,7702,-9661581
213, zKORz,64483899,12896780,8253209,10019266,8759481,11276946,0,0,506272,2515360,0,0,206912,3228544,-9668236
214,PinHeaven,49623863,9924773,4319770,1718055,4327784,1730828,0,0,8014,25546,0,0,0,3356,-9891213
215,Lien611,50013656,10002731,3824714,3366741,3835975,3386312,0,0,11261,39142,0,0,82,50485,-9952246
216, Scorpi,49886342,9977268,1040735,1632719,1040735,1632719,0,0,0,0,0,0,0,0,-9977268
217,Cuitlahuac,87403257,17480651,23415446,35195894,24378250,38270940,0,0,962804,6150092,0,0,248332,7361228,-10119423
218,that guy90,51507471,10301494,32967,74198,3715,113982,0,0,4183,79568,0,0,0,83751,-10217743
219, Dukhan,69998866,13999773,54630809,40569938,54755250,41115267,2457,320038,124441,1090658,9828,2240266,126386,3680031,-10319742
220,ZmFire,54660193,10932039,3453475,1034800,3501789,1122386,0,0,48314,175172,0,0,0,223486,-10708553
221, Arkin,75363527,15072705,51597124,40843493,52149987,42139241,78023,7742,552863,2591496,312092,54194,1339,4132291,-10940414
222, Trevon,91871726,18374345,17719608,8173105,18672919,10629442,0,187627,953311,4912674,0,1313389,207512,7386886,-10987459
223,DarknessDevil,55444521,11088904,26581007,11374922,26581007,11374922,0,0,0,0,0,0,0,0,-11088904
224, Wargasm,71182307,14236461,89620124,45040940,90145106,46306514,0,0,524982,2531148,0,0,2091,3077040,-11159421
225,BRD,58368446,11673689,11328535,3693861,11350889,3831608,0,0,22354,275494,0,0,0,297848,-11375841
226,BeTs,59970172,11994034,13481506,11908923,13557461,12098429,0,0,75955,379012,0,0,140266,595233,-11398801
227,THE DICTATOR,83884730,16776946,151624147,82677314,152706518,84554861,0,0,1082371,3755094,0,0,0,4837465,-11939481
228, Curry,60152652,12030530,13512904,10222371,13513494,10247745,0,0,590,50748,0,0,0,51338,-11979192
229, Bankai,61657490,12331498,8461447,5731310,8470692,5899695,0,0,9245,33677,0,0,0,346015,-11985483
230,Mighty Bara,60393737,12078747,5488039,4078934,5488039,4078934,0,0,0,0,0,0,0,0,-12078747
231,Growith La,81049567,16209913,97542725,53631097,98676120,55016176,0,0,1133395,2770158,0,0,213064,4116617,-12093296
232,Freaky Pebbles,62541177,12508235,19280991,11094683,19281582,11133840,0,0,591,78314,0,0,68504,147409,-12360826
233, Tiger,73658228,14731646,37968839,34725425,38310531,35691831,0,0,341692,1932812,0,0,0,2274504,-12457142
234,Growith Wise,79687815,15937563,42987346,22072854,43534997,23379573,0,0,547651,2613438,0,0,241558,3402647,-12534916
235,REKTOP,70515411,14103082,54529400,17652140,54675711,18026972,0,0,146311,749664,0,0,0,895975,-13207107
236,doc charles,69812680,13962536,43590490,18970479,43690053,19217187,0,0,99563,493416,0,0,0,592979,-13369557
237,BHfanatico,70593574,14118715,15875915,5795777,15892699,5872707,0,0,16784,15386,0,0,37606,20825,-13910465
238,King Kong 6161,80188764,16037753,89147510,69509881,89350177,70104951,0,0,202667,1190140,0,0,4911,1441917,-14595836
239,SW Madam,84966865,16993373,101510205,58299957,101704201,58782666,0,0,193996,965418,0,0,91342,1250756,-15742617
